Workbook

Sheet Opset Cash
O2: Dalam Rp Juta, kecuali dinyatakan lain
B3: No. | C3: Bidang Usaha | D3: s.d. September 2026 | G3: Prognosa | M3: RKO s.d. Semester II 2026 | N3: RKAP 2026
D4: Realisasi | E4: RKAP | F4: % | G4: Okt | H4: Nov | I4: Des | N4: RKAP 2026 | O4: % Thdp RKO
B5: a | C5: b | D5: c | E5: d | F5: e = c/d | G5: f | H5: g | I5: h | J5: j | K5: k | L5: l | M5: m = c+f +..l | N5: k | O5: l = k/j
B6: 1 | C6: Properti | D6: =SUMIF('Opset Cash per Proker'!$C$5:$C$30,C6,'Opset Cash per Proker'!$G$5:$G$30) -> 817.86348 | E6: =SUMIF('Opset Cash per Proker'!$C$5:$C$30,C6,'Opset Cash per Proker'!$H$5:$H$30) -> 1014.1 | F6: =IFERROR(D6/E6,0) -> 0.80649195 | G6: =SUMIF('Opset Cash per Proker'!$C$5:$C$30,C6,'Opset Cash per Proker'!$J$5:$J$30) -> 184.75 | H6: =SUMIF('Opset Cash per Proker'!$C$5:$C$30,C6,'Opset Cash per Proker'!$K$5:$K$30) -> 26.51 | I6: =SUMIF('Opset Cash per Proker'!$C$5:$C$30,C6,'Opset Cash per Proker'!$L$5:$L$30) -> 511.5 | J6: =SUMIF('Opset Cash per Proker'!$C$5:$C$30,C6,'Opset Cash per Proker'!$M$5:$M$30) -> 0 | K6: =SUMIF('Opset Cash per Proker'!$C$5:$C$30,C6,'Opset Cash per Proker'!$N$5:$N$30) -> 0 | L6: =SUMIF('Opset Cash per Proker'!$C$5:$C$30,C6,'Opset Cash per Proker'!$O$5:$O$30) -> 0 | M6: =D6+SUM(G6:L6) -> 1540.6235 | N6: =SUMIF('Opset Cash per Proker'!$C$5:$C$30,C6,'Opset Cash per Proker'!$Q$5:$Q$30) -> 2482.9 | O6: =IFERROR(M6/N6,0) -> 0.62049357
B7: 2 | C7: Hospitality | D7: =SUMIF('Opset Cash per Proker'!$C$5:$C$30,C7,'Opset Cash per Proker'!$G$5:$G$30) -> 0 | E7: =SUMIF('Opset Cash per Proker'!$C$5:$C$30,C7,'Opset Cash per Proker'!$H$5:$H$30) -> 0 | F7: =IFERROR(D7/E7,0) -> 0 | G7: =SUMIF('Opset Cash per Proker'!$C$5:$C$30,C7,'Opset Cash per Proker'!$J$5:$J$30) -> 0 | H7: =SUMIF('Opset Cash per Proker'!$C$5:$C$30,C7,'Opset Cash per Proker'!$K$5:$K$30) -> 0 | I7: =SUMIF('Opset Cash per Proker'!$C$5:$C$30,C7,'Opset Cash per Proker'!$L$5:$L$30) -> 0 | J7: =SUMIF('Opset Cash per Proker'!$C$5:$C$30,C7,'Opset Cash per Proker'!$M$5:$M$30) -> 0 | K7: =SUMIF('Opset Cash per Proker'!$C$5:$C$30,C7,'Opset Cash per Proker'!$N$5:$N$30) -> 0 | L7: =SUMIF('Opset Cash per Proker'!$C$5:$C$30,C7,'Opset Cash per Proker'!$O$5:$O$30) -> 0 | M7: =D7+SUM(G7:L7) -> 0 | N7: =SUMIF('Opset Cash per Proker'!$C$5:$C$30,C7,'Opset Cash per Proker'!$Q$5:$Q$30) -> 0 | O7: =IFERROR(M7/N7,0) -> 0
B8: 3 | C8: Kesehatan | D8: =SUMIF('Opset Cash per Proker'!$C$5:$C$30,C8,'Opset Cash per Proker'!$G$5:$G$30) -> 0 | E8: =SUMIF('Opset Cash per Proker'!$C$5:$C$30,C8,'Opset Cash per Proker'!$H$5:$H$30) -> 0 | F8: =IFERROR(D8/E8,0) -> 0 | G8: =SUMIF('Opset Cash per Proker'!$C$5:$C$30,C8,'Opset Cash per Proker'!$J$5:$J$30) -> 0 | H8: =SUMIF('Opset Cash per Proker'!$C$5:$C$30,C8,'Opset Cash per Proker'!$K$5:$K$30) -> 0 | I8: =SUMIF('Opset Cash per Proker'!$C$5:$C$30,C8,'Opset Cash per Proker'!$L$5:$L$30) -> 0 | J8: =SUMIF('Opset Cash per Proker'!$C$5:$C$30,C8,'Opset Cash per Proker'!$M$5:$M$30) -> 0 | K8: =SUMIF('Opset Cash per Proker'!$C$5:$C$30,C8,'Opset Cash per Proker'!$N$5:$N$30) -> 0 | L8: =SUMIF('Opset Cash per Proker'!$C$5:$C$30,C8,'Opset Cash per Proker'!$O$5:$O$30) -> 0 | M8: =D8+SUM(G8:L8) -> 0 | N8: =SUMIF('Opset Cash per Proker'!$C$5:$C$30,C8,'Opset Cash per Proker'!$Q$5:$Q$30) -> 0 | O8: =IFERROR(M8/N8,0) -> 0
B9: 4 | C9: Pertambangan | D9: =SUMIF('Opset Cash per Proker'!$C$5:$C$30,C9,'Opset Cash per Proker'!$G$5:$G$30) -> 0 | E9: =SUMIF('Opset Cash per Proker'!$C$5:$C$30,C9,'Opset Cash per Proker'!$H$5:$H$30) -> 0 | F9: =IFERROR(D9/E9,0) -> 0 | G9: =SUMIF('Opset Cash per Proker'!$C$5:$C$30,C9,'Opset Cash per Proker'!$J$5:$J$30) -> 0 | H9: =SUMIF('Opset Cash per Proker'!$C$5:$C$30,C9,'Opset Cash per Proker'!$K$5:$K$30) -> 0 | I9: =SUMIF('Opset Cash per Proker'!$C$5:$C$30,C9,'Opset Cash per Proker'!$L$5:$L$30) -> 0 | J9: =SUMIF('Opset Cash per Proker'!$C$5:$C$30,C9,'Opset Cash per Proker'!$M$5:$M$30) -> 0 | K9: =SUMIF('Opset Cash per Proker'!$C$5:$C$30,C9,'Opset Cash per Proker'!$N$5:$N$30) -> 0 | L9: =SUMIF('Opset Cash per Proker'!$C$5:$C$30,C9,'Opset Cash per Proker'!$O$5:$O$30) -> 0 | M9: =D9+SUM(G9:L9) -> 0 | N9: =SUMIF('Opset Cash per Proker'!$C$5:$C$30,C9,'Opset Cash per Proker'!$Q$5:$Q$30) -> 406 | O9: =IFERROR(M9/N9,0) -> 0
B10: 5 | C10: Energy | D10: =SUMIF('Opset Cash per Proker'!$C$5:$C$30,C10,'Opset Cash per Proker'!$G$5:$G$30) -> 0 | E10: =SUMIF('Opset Cash per Proker'!$C$5:$C$30,C10,'Opset Cash per Proker'!$H$5:$H$30) -> 0 | F10: =IFERROR(D10/E10,0) -> 0 | G10: =SUMIF('Opset Cash per Proker'!$C$5:$C$30,C10,'Opset Cash per Proker'!$J$5:$J$30) -> 0 | H10: =SUMIF('Opset Cash per Proker'!$C$5:$C$30,C10,'Opset Cash per Proker'!$K$5:$K$30) -> 0 | I10: =SUMIF('Opset Cash per Proker'!$C$5:$C$30,C10,'Opset Cash per Proker'!$L$5:$L$30) -> 0 | J10: =SUMIF('Opset Cash per Proker'!$C$5:$C$30,C10,'Opset Cash per Proker'!$M$5:$M$30) -> 0 | K10: =SUMIF('Opset Cash per Proker'!$C$5:$C$30,C10,'Opset Cash per Proker'!$N$5:$N$30) -> 0 | L10: =SUMIF('Opset Cash per Proker'!$C$5:$C$30,C10,'Opset Cash per Proker'!$O$5:$O$30) -> 0 | M10: =D10+SUM(G10:L10) -> 0 | N10: =SUMIF('Opset Cash per Proker'!$C$5:$C$30,C10,'Opset Cash per Proker'!$Q$5:$Q$30) -> 0 | O10: =IFERROR(M10/N10,0) -> 0
B11: 6 | C11: Kawasan Industri | D11: =SUMIF('Opset Cash per Proker'!$C$5:$C$30,C11,'Opset Cash per Proker'!$G$5:$G$30) -> 0 | E11: =SUMIF('Opset Cash per Proker'!$C$5:$C$30,C11,'Opset Cash per Proker'!$H$5:$H$30) -> 0 | F11: =IFERROR(D11/E11,0) -> 0 | G11: =SUMIF('Opset Cash per Proker'!$C$5:$C$30,C11,'Opset Cash per Proker'!$J$5:$J$30) -> 0 | H11: =SUMIF('Opset Cash per Proker'!$C$5:$C$30,C11,'Opset Cash per Proker'!$K$5:$K$30) -> 0 | I11: =SUMIF('Opset Cash per Proker'!$C$5:$C$30,C11,'Opset Cash per Proker'!$L$5:$L$30) -> 0 | J11: =SUMIF('Opset Cash per Proker'!$C$5:$C$30,C11,'Opset Cash per Proker'!$M$5:$M$30) -> 0 | K11: =SUMIF('Opset Cash per Proker'!$C$5:$C$30,C11,'Opset Cash per Proker'!$N$5:$N$30) -> 0 | L11: =SUMIF('Opset Cash per Proker'!$C$5:$C$30,C11,'Opset Cash per Proker'!$O$5:$O$30) -> 0 | M11: =D11+SUM(G11:L11) -> 0 | N11: =SUMIF('Opset Cash per Proker'!$C$5:$C$30,C11,'Opset Cash per Proker'!$Q$5:$Q$30) -> 0 | O11: =IFERROR(M11/N11,0) -> 0
B12: 7 | C12: Peternakan | D12: =SUMIF('Opset Cash per Proker'!$C$5:$C$30,C12,'Opset Cash per Proker'!$G$5:$G$30) -> 0 | E12: =SUMIF('Opset Cash per Proker'!$C$5:$C$30,C12,'Opset Cash per Proker'!$H$5:$H$30) -> 0 | F12: =IFERROR(D12/E12,0) -> 0 | G12: =SUMIF('Opset Cash per Proker'!$C$5:$C$30,C12,'Opset Cash per Proker'!$J$5:$J$30) -> 0 | H12: =SUMIF('Opset Cash per Proker'!$C$5:$C$30,C12,'Opset Cash per Proker'!$K$5:$K$30) -> 0 | I12: =SUMIF('Opset Cash per Proker'!$C$5:$C$30,C12,'Opset Cash per Proker'!$L$5:$L$30) -> 0 | J12: =SUMIF('Opset Cash per Proker'!$C$5:$C$30,C12,'Opset Cash per Proker'!$M$5:$M$30) -> 0 | K12: =SUMIF('Opset Cash per Proker'!$C$5:$C$30,C12,'Opset Cash per Proker'!$N$5:$N$30) -> 0 | L12: =SUMIF('Opset Cash per Proker'!$C$5:$C$30,C12,'Opset Cash per Proker'!$O$5:$O$30) -> 0 | M12: =D12+SUM(G12:L12) -> 0 | N12: =SUMIF('Opset Cash per Proker'!$C$5:$C$30,C12,'Opset Cash per Proker'!$Q$5:$Q$30) -> 259.091 | O12: =IFERROR(M12/N12,0) -> 0
B13: 8 | C13: Pertanian | D13: =SUMIF('Opset Cash per Proker'!$C$5:$C$30,C13,'Opset Cash per Proker'!$G$5:$G$30) -> 0 | E13: =SUMIF('Opset Cash per Proker'!$C$5:$C$30,C13,'Opset Cash per Proker'!$H$5:$H$30) -> 0 | F13: =IFERROR(D13/E13,0) -> 0 | G13: =SUMIF('Opset Cash per Proker'!$C$5:$C$30,C13,'Opset Cash per Proker'!$J$5:$J$30) -> 0 | H13: =SUMIF('Opset Cash per Proker'!$C$5:$C$30,C13,'Opset Cash per Proker'!$K$5:$K$30) -> 0 | I13: =SUMIF('Opset Cash per Proker'!$C$5:$C$30,C13,'Opset Cash per Proker'!$L$5:$L$30) -> 0 | J13: =SUMIF('Opset Cash per Proker'!$C$5:$C$30,C13,'Opset Cash per Proker'!$M$5:$M$30) -> 0 | K13: =SUMIF('Opset Cash per Proker'!$C$5:$C$30,C13,'Opset Cash per Proker'!$N$5:$N$30) -> 0 | L13: =SUMIF('Opset Cash per Proker'!$C$5:$C$30,C13,'Opset Cash per Proker'!$O$5:$O$30) -> 0 | M13: =D13+SUM(G13:L13) -> 0 | N13: =SUMIF('Opset Cash per Proker'!$C$5:$C$30,C13,'Opset Cash per Proker'!$Q$5:$Q$30) -> 0 | O13: =IFERROR(M13/N13,0) -> 0
B14: 9 | C14: Perkebunan | D14: =SUMIF('Opset Cash per Proker'!$C$5:$C$30,C14,'Opset Cash per Proker'!$G$5:$G$30) -> 3553.82 | E14: =SUMIF('Opset Cash per Proker'!$C$5:$C$30,C14,'Opset Cash per Proker'!$H$5:$H$30) -> 0 | F14: =IFERROR(D14/E14,0) -> 0 | G14: =SUMIF('Opset Cash per Proker'!$C$5:$C$30,C14,'Opset Cash per Proker'!$J$5:$J$30) -> 0 | H14: =SUMIF('Opset Cash per Proker'!$C$5:$C$30,C14,'Opset Cash per Proker'!$K$5:$K$30) -> 0 | I14: =SUMIF('Opset Cash per Proker'!$C$5:$C$30,C14,'Opset Cash per Proker'!$L$5:$L$30) -> 1500 | J14: =SUMIF('Opset Cash per Proker'!$C$5:$C$30,C14,'Opset Cash per Proker'!$M$5:$M$30) -> 0 | K14: =SUMIF('Opset Cash per Proker'!$C$5:$C$30,C14,'Opset Cash per Proker'!$N$5:$N$30) -> 0 | L14: =SUMIF('Opset Cash per Proker'!$C$5:$C$30,C14,'Opset Cash per Proker'!$O$5:$O$30) -> 0 | M14: =D14+SUM(G14:L14) -> 5053.82 | N14: =SUMIF('Opset Cash per Proker'!$C$5:$C$30,C14,'Opset Cash per Proker'!$Q$5:$Q$30) -> 900 | O14: =IFERROR(M14/N14,0) -> 5.6153556
B15: 10 | C15: Industri Lainnya | D15: =SUMIF('Opset Cash per Proker'!$C$5:$C$30,C15,'Opset Cash per Proker'!$G$5:$G$30) -> 0 | E15: =SUMIF('Opset Cash per Proker'!$C$5:$C$30,C15,'Opset Cash per Proker'!$H$5:$H$30) -> 4523.1444 | F15: =IFERROR(D15/E15,0) -> 0 | G15: =SUMIF('Opset Cash per Proker'!$C$5:$C$30,C15,'Opset Cash per Proker'!$J$5:$J$30) -> 0 | H15: =SUMIF('Opset Cash per Proker'!$C$5:$C$30,C15,'Opset Cash per Proker'!$K$5:$K$30) -> 0 | I15: =SUMIF('Opset Cash per Proker'!$C$5:$C$30,C15,'Opset Cash per Proker'!$L$5:$L$30) -> 3874 | J15: =SUMIF('Opset Cash per Proker'!$C$5:$C$30,C15,'Opset Cash per Proker'!$M$5:$M$30) -> 0 | K15: =SUMIF('Opset Cash per Proker'!$C$5:$C$30,C15,'Opset Cash per Proker'!$N$5:$N$30) -> 0 | L15: =SUMIF('Opset Cash per Proker'!$C$5:$C$30,C15,'Opset Cash per Proker'!$O$5:$O$30) -> 0 | M15: =D15+SUM(G15:L15) -> 3874 | N15: =SUMIF('Opset Cash per Proker'!$C$5:$C$30,C15,'Opset Cash per Proker'!$Q$5:$Q$30) -> 4523.144 | O15: =IFERROR(M15/N15,0) -> 0.8564839
B16: 11 | C16: Kerja Sama Agrowisata | D16: =SUMIF('Opset Cash per Proker'!$C$5:$C$30,C16,'Opset Cash per Proker'!$G$5:$G$30) -> 0 | E16: =SUMIF('Opset Cash per Proker'!$C$5:$C$30,C16,'Opset Cash per Proker'!$H$5:$H$30) -> 0 | F16: =IFERROR(D16/E16,0) -> 0 | G16: =SUMIF('Opset Cash per Proker'!$C$5:$C$30,C16,'Opset Cash per Proker'!$J$5:$J$30) -> 0 | H16: =SUMIF('Opset Cash per Proker'!$C$5:$C$30,C16,'Opset Cash per Proker'!$K$5:$K$30) -> 0 | I16: =SUMIF('Opset Cash per Proker'!$C$5:$C$30,C16,'Opset Cash per Proker'!$L$5:$L$30) -> 0 | J16: =SUMIF('Opset Cash per Proker'!$C$5:$C$30,C16,'Opset Cash per Proker'!$M$5:$M$30) -> 0 | K16: =SUMIF('Opset Cash per Proker'!$C$5:$C$30,C16,'Opset Cash per Proker'!$N$5:$N$30) -> 0 | L16: =SUMIF('Opset Cash per Proker'!$C$5:$C$30,C16,'Opset Cash per Proker'!$O$5:$O$30) -> 0 | M16: =D16+SUM(G16:L16) -> 0 | N16: =SUMIF('Opset Cash per Proker'!$C$5:$C$30,C16,'Opset Cash per Proker'!$Q$5:$Q$30) -> 275 | O16: =IFERROR(M16/N16,0) -> 0
B17: TOTAL | D17: =SUM(D6:D16) -> 4371.6835 | E17: =SUM(E6:E16) -> 5537.2444 | F17: =IFERROR(D17/E17,0) -> 0.78950524 | G17: =SUM(G6:G16) -> 184.75 | H17: =SUM(H6:H16) -> 26.51 | I17: =SUM(I6:I16) -> 5885.5 | J17: =SUM(J6:J16) -> 0 | K17: =SUM(K6:K16) -> 0 | L17: =SUM(L6:L16) -> 0 | M17: =SUM(M6:M16) -> 10468.443 | N17: =SUM(N6:N16) -> 8846.135 | O17: =IFERROR(M17/N17,0) -> 1.1833918

Sheet Opset Cash per Proker
R2: Dalam Rp Juta, kecuali dinyatakan lain
B3: No. | C3: Bidang Usaha | D3: Nama Kerja Sama (Proker) | E3: Lokasi | F3: Mitra | G3: s.d. September 2026 | J3: Prognosa | P3: Prognosa 2026 | Q3: RKAP 2026 | R3: % Prognosa 2026
G4: Realisasi | H4: RKAP | I4: % | J4: Okt | K4: Nov | L4: Des
B5: 1 | C5: Industri Lainnya | D5: Aset Pabrik Gula (Non Inbreng pembentukan SGN) | E5: Kabupaten Takalar, Bone, Camming | F5: PT Sinergi Gula Nusantara | G5: 0 | H5: =0+4523.144404 -> 4523.1444 | I5: =IFERROR(G5/H5,0) -> 0 | J5: 0 | K5: 0 | L5: 3874 | M5: 0 | N5: 0 | O5: 0 | P5: =G5+SUM(J5:O5) -> 3874 | Q5: 4523.144 | R5: =IFERROR(P5/Q5,0) -> 0.8564839
B6: 2 | C6: Perkebunan | D6: Lahan Takalar - Gapoktan | E6: Kabupaten Takalar | F6: Koperasi Cinta Manis, Sayang Manis, Cinta Damai Sejahtera | G6: 3553.82 | H6: 0 | I6: =IFERROR(G6/H6,0) -> 0 | J6: 0 | K6: 0 | L6: 1500 | M6: 0 | N6: 0 | O6: 0 | P6: =G6+SUM(J6:O6) -> 5053.82 | Q6: 600 | R6: =IFERROR(P6/Q6,0) -> 8.4230333
B7: 3 | C7: Pertambangan | D7: Lahan Tinanggea | E7: Kabupaten Konawe Selatan | F7: PT Baula Petra Buana | G7: 0 | H7: 0 | I7: =IFERROR(G7/H7,0) -> 0 | J7: 0 | K7: 0 | L7: 0 | M7: 0 | N7: 0 | O7: 0 | P7: =G7+SUM(J7:O7) -> 0 | Q7: 406 | R7: =IFERROR(P7/Q7,0) -> 0
B8: 4 | C8: Pertambangan | D8: Lahan Tinanggea (Jalan Tambang) | E8: Kabupaten Konawe Selatan | F8: PT Ifishdeco Tbk | G8: 0 | H8: 0 | I8: =IFERROR(G8/H8,0) -> 0 | J8: 0 | K8: 0 | L8: 0 | M8: 0 | N8: 0 | O8: 0 | P8: =G8+SUM(J8:O8) -> 0 | Q8: 0 | R8: =IFERROR(P8/Q8,0) -> 0
B9: 5 | C9: Properti | D9: Bangunan Jalan Boulevard Makassar | E9: Kota Makassar | F9: PT Grand Puri Indonesia | G9: 0 | H9: =0+585 -> 585 | I9: =IFERROR(G9/H9,0) -> 0 | J9: 0 | K9: 0 | L9: 0 | M9: 0 | N9: 0 | O9: 0 | P9: =G9+SUM(J9:O9) -> 0 | Q9: 585 | R9: =IFERROR(P9/Q9,0) -> 0
B10: 6 | C10: Perkebunan | D10: Lahan Sidrap | E10: Kabupaten Sidrap | F10: - | G10: 0 | H10: 0 | I10: =IFERROR(G10/H10,0) -> 0 | J10: 0 | K10: 0 | L10: 0 | M10: 0 | N10: 0 | O10: 0 | P10: =G10+SUM(J10:O10) -> 0 | Q10: 300 | R10: =IFERROR(P10/Q10,0) -> 0
B11: 7 | C11: Properti | D11: Lahan Jalan Alauddin Makassar | E11: Kota Makassar | F11: - | G11: 0 | H11: 0 | I11: =IFERROR(G11/H11,0) -> 0 | J11: 0 | K11: 0 | L11: 0 | M11: 0 | N11: 0 | O11: 0 | P11: =G11+SUM(J11:O11) -> 0 | Q11: 275 | R11: =IFERROR(P11/Q11,0) -> 0
B12: 8 | C12: Kerja Sama Agrowisata | D12: Lahan Kebun Marinsow | E12: Kabupaten Minahasa Utara | F12: - | G12: 0 | H12: 0 | I12: =IFERROR(G12/H12,0) -> 0 | J12: 0 | K12: 0 | L12: 0 | M12: 0 | N12: 0 | O12: 0 | P12: =G12+SUM(J12:O12) -> 0 | Q12: 275 | R12: =IFERROR(P12/Q12,0) -> 0
B13: 9 | C13: Properti | D13: Lahan Jalan Masjid Raya dan Jalan Kangkung Makassar | E13: Kota Makassar | F13: CV Berkah Abadi Sukses | G13: =0+148.47+147 -> 295.47 | H13: =147+147 -> 294 | I13: =IFERROR(G13/H13,0) -> 1.005 | J13: 0 | K13: 0 | L13: 0 | M13: 0 | N13: 0 | O13: 0 | P13: =G13+SUM(J13:O13) -> 295.47 | Q13: 294 | R13: =IFERROR(P13/Q13,0) -> 1.005
B14: 10 | C14: Properti | D14: Bangunan Jalan Slamet Riyadi Makassar | E14: Kota Makassar | F14: CV Willeon Megah Perkasa | G14: =65+152 -> 217 | H14: 0 | I14: =IFERROR(G14/H14,0) -> 0 | J14: 176 | K14: 0 | L14: 0 | M14: 0 | N14: 0 | O14: 0 | P14: =G14+SUM(J14:O14) -> 393 | Q14: 395.8 | R14: =IFERROR(P14/Q14,0) -> 0.99292572
B15: 11 | C15: Properti | D15: Lahan Jalan Biru Bone | E15: Kabupaten Bone | F15: - | G15: 0 | H15: 0 | I15: =IFERROR(G15/H15,0) -> 0 | J15: 0 | K15: 0 | L15: 0 | M15: 0 | N15: 0 | O15: 0 | P15: =G15+SUM(J15:O15) -> 0 | Q15: 108 | R15: =IFERROR(P15/Q15,0) -> 0
B16: 12 | C16: Properti | D16: Bangunan Mess Jalan Masjid Raya Makassar | E16: Kota Makassar | F16: - | G16: 0 | H16: 0 | I16: =IFERROR(G16/H16,0) -> 0 | J16: 0 | K16: 0 | L16: 370 | M16: 0 | N16: 0 | O16: 0 | P16: =G16+SUM(J16:O16) -> 370 | Q16: 370 | R16: =IFERROR(P16/Q16,0) -> 1
B17: 13 | C17: Properti | D17: Lahan Desa Galung | E17: Kabupaten Soppeng | F17: - | G17: 0 | H17: 0 | I17: =IFERROR(G17/H17,0) -> 0 | J17: 0 | K17: 0 | L17: 0 | M17: 0 | N17: 0 | O17: 0 | P17: =G17+SUM(J17:O17) -> 0 | Q17: 100 | R17: =IFERROR(P17/Q17,0) -> 0
B18: 14 | C18: Properti | D18: Lahan Jalan Kemakmuran dan Samudra Soppeng | E18: Kabupaten Soppeng | F18: - | G18: 0 | H18: 0 | I18: =IFERROR(G18/H18,0) -> 0 | J18: 0 | K18: 0 | L18: 0 | M18: 0 | N18: 0 | O18: 0 | P18: =G18+SUM(J18:O18) -> 0 | Q18: 50 | R18: =IFERROR(P18/Q18,0) -> 0
B19: 15 | C19: Properti | D19: Bangunan Ruko Jalan Pengayoman Makassar | E19: Kota Makassar | F19: Fachmy Hasri Djamil | G19: =59.3565+8.75+8.75 -> 76.8565 | H19: =45+7.5+7.5+7.5 -> 67.5 | I19: =IFERROR(G19/H19,0) -> 1.1386148 | J19: 8.75 | K19: 8.75 | L19: 8.75 | M19: 0 | N19: 0 | O19: 0 | P19: =G19+SUM(J19:O19) -> 103.1065 | Q19: 90 | R19: =IFERROR(P19/Q19,0) -> 1.1456278
B20: 16 | C20: Properti | D20: Bangunan Eks LO Ambon | E20: Kota Ambon | F20: - | G20: 0 | H20: 0 | I20: =IFERROR(G20/H20,0) -> 0 | J20: 0 | K20: 0 | L20: 0 | M20: 0 | N20: 0 | O20: 0 | P20: =G20+SUM(J20:O20) -> 0 | Q20: 75 | R20: =IFERROR(P20/Q20,0) -> 0
B21: 17 | C21: Properti | D21: Lahan Eks Pabrik Kapas Jeneponto - Mini Soccer | E21: Kabupaten Jeneponto | F21: CV Putri Jentak | G21: =24.621667+27.171667 -> 51.793334 | H21: 0 | I21: =IFERROR(G21/H21,0) -> 0 | J21: 0 | K21: 0 | L21: 25.5 | M21: 0 | N21: 0 | O21: 0 | P21: =G21+SUM(J21:O21) -> 77.293334 | Q21: 25.5 | R21: =IFERROR(P21/Q21,0) -> 3.0311111
B22: 18 | C22: Properti | D22: Lahan Eks Pabrik Kapas Jeneponto - Studio Foto | E22: Kabupaten Jeneponto | F22: CV Bididiu Visual Studio | G22: 7.3225 | H22: =7.25+7.25 -> 14.5 | I22: =IFERROR(G22/H22,0) -> 0.505 | J22: 0 | K22: 0 | L22: 7.25 | M22: 0 | N22: 0 | O22: 0 | P22: =G22+SUM(J22:O22) -> 14.5725 | Q22: 14.5 | R22: =IFERROR(P22/Q22,0) -> 1.005
B23: 19 | C23: Properti | D23: Lahan Eks Pabrik Kapas Jeneponto - Papan Iklan | E23: Kabupaten Jeneponto | F23: CV Fajar Mandiri Adv | G23: 7.7265 | H23: 2.1 | I23: =IFERROR(G23/H23,0) -> 3.6792857 | J23: 0 | K23: 0 | L23: 0 | M23: 0 | N23: 0 | O23: 0 | P23: =G23+SUM(J23:O23) -> 7.7265 | Q23: 2.1 | R23: =IFERROR(P23/Q23,0) -> 3.6792857
B24: 20 | C24: Properti | D24: Bangunan Kantor Direksi - Gedung Timur | E24: Kota Makassar | F24: Meilani Anriyani Kadir | G24: 83.25 | H24: 0 | I24: =IFERROR(G24/H24,0) -> 0 | J24: 0 | K24: 0 | L24: 100 | M24: 0 | N24: 0 | O24: 0 | P24: =G24+SUM(J24:O24) -> 183.25 | Q24: 47 | R24: =IFERROR(P24/Q24,0) -> 3.8989362
B25: 21 | C25: Properti | D25: Bangunan Kantor Direksi - Kantor Pelayanan 13 Dapenbun | E25: Kota Makassar | F25: Dapenbun | G25: =0+27.083893 -> 27.083893 | H25: =0+24 -> 24 | I25: =IFERROR(G25/H25,0) -> 1.1284955 | J25: 0 | K25: 0 | L25: 0 | M25: 0 | N25: 0 | O25: 0 | P25: =G25+SUM(J25:O25) -> 27.083893 | Q25: 24 | R25: =IFERROR(P25/Q25,0) -> 1.1284955
B26: 22 | C26: Properti | D26: Bangunan Jalan Bambapuang Makassar | E26: Kota Makassar | F26: Adam Yusa Ali | G26: 28.160756 | H26: 27 | I26: =IFERROR(G26/H26,0) -> 1.042991 | J26: 0 | K26: 0 | L26: 0 | M26: 0 | N26: 0 | O26: 0 | P26: =G26+SUM(J26:O26) -> 28.160756 | Q26: 27 | R26: =IFERROR(P26/Q26,0) -> 1.042991
B27: 24 | C27: Properti | D27: Eks Pabrik Kapas (Warung) | E27: Kabupaten Jeneponto | F27: Bambang | G27: 5.44 | I27: =IFERROR(G27/H27,0) -> 0 | J27: 0 | K27: 0 | L27: 0 | M27: 0 | N27: 0 | O27: 0 | P27: =G27+SUM(J27:O27) -> 5.44 | Q27: 0 | R27: =IFERROR(P27/Q27,0) -> 0
B28: 25 | C28: Properti | D28: Eks Pabrik Kapas (Cafe) | E28: Kabupaten Jeneponto | F28: CV Mari Bangun Turatea | G28: 17.76 | I28: =IFERROR(G28/H28,0) -> 0 | J28: 0 | K28: 17.76 | L28: 0 | M28: 0 | N28: 0 | O28: 0 | P28: =G28+SUM(J28:O28) -> 35.52 | Q28: 0 | R28: =IFERROR(P28/Q28,0) -> 0
B29: 23 | C29: Peternakan | D29: Lahan Unit Kabaru | E29: Kabupaten Sumba Timur | F29: PT Asiabeef Biofarm Indonesia | G29: 0 | H29: 0 | I29: =IFERROR(G29/H29,0) -> 0 | J29: 0 | K29: 0 | L29: 0 | M29: 0 | N29: 0 | O29: 0 | P29: =G29+SUM(J29:O29) -> 0 | Q29: 259.091 | R29: =IFERROR(P29/Q29,0) -> 0
B30: 26 | C30: Properti | D30: Kerja Sama PT Cahaya Lino Barokah | E30: - | F30: PT Cahaya Lino Barokah | G30: 0 | H30: 0 | I30: =IFERROR(G30/H30,0) -> 0 | J30: 0 | K30: 0 | L30: 0 | M30: 0 | N30: 0 | O30: 0 | P30: =G30+SUM(J30:O30) -> 0 | Q30: 0 | R30: =IFERROR(P30/Q30,0) -> 0
B31: TOTAL | G31: =SUM(G5:G30) -> 4371.6835 | H31: =SUM(H5:H30) -> 5537.2444 | I31: =IFERROR(G31/H31,0) -> 0.78950524 | J31: =SUM(J5:J30) -> 184.75 | K31: =SUM(K5:K30) -> 26.51 | L31: =SUM(L5:L30) -> 5885.5 | M31: =SUM(M5:M30) -> 0 | N31: =SUM(N5:N30) -> 0 | O31: =SUM(O5:O30) -> 0 | P31: =SUM(P5:P30) -> 10468.443 | Q31: =SUM(Q5:Q30) -> 8846.135 | R31: =IFERROR(P31/Q31,0) -> 1.1833918

Sheet Opset Pendapatan
O2: Dalam Rp Juta, kecuali dinyatakan lain
B3: No. | C3: Bidang Usaha | D3: s.d. September 2026 | G3: Prognosa | M3: RKO Semester II 2026 | N3: RKAP 2026
D4: Realisasi | E4: RKAP | F4: % | G4: Okt | H4: Nov | I4: Des | N4: RKAP 2026 | O4: % Thdp RKO
B5: a | C5: b | D5: c | E5: d | F5: e = c/d | G5: f | H5: g | I5: h | J5: j | K5: k | L5: l | M5: m = c+f +..l | N5: k | O5: l = k/j
B6: 1 | C6: Properti | D6: =SUMIF('Opset Pendapatan per Proker'!$C$5:$C$30,C6,'Opset Pendapatan per Proker'!$G$5:$G$30) -> 802.16 | E6: =SUMIF('Opset Pendapatan per Proker'!$C$5:$C$30,C6,'Opset Pendapatan per Proker'!$H$5:$H$30) -> 859.85 | F6: =IFERROR(D6/E6,0) -> 0.9329069 | G6: =SUMIF('Opset Pendapatan per Proker'!$C$5:$C$30,C6,'Opset Pendapatan per Proker'!$J$5:$J$30) -> 161.75 | H6: =SUMIF('Opset Pendapatan per Proker'!$C$5:$C$30,C6,'Opset Pendapatan per Proker'!$K$5:$K$30) -> 536.76 | I6: =SUMIF('Opset Pendapatan per Proker'!$C$5:$C$30,C6,'Opset Pendapatan per Proker'!$L$5:$L$30) -> 7.5 | J6: =SUMIF('Opset Pendapatan per Proker'!$C$5:$C$30,C6,'Opset Pendapatan per Proker'!$M$5:$M$30) -> 0 | K6: =SUMIF('Opset Pendapatan per Proker'!$C$5:$C$30,C6,'Opset Pendapatan per Proker'!$N$5:$N$30) -> 0 | L6: =SUMIF('Opset Pendapatan per Proker'!$C$5:$C$30,C6,'Opset Pendapatan per Proker'!$O$5:$O$30) -> 0 | M6: =D6+SUM(G6:L6) -> 1508.17 | N6: =SUMIF('Opset Pendapatan per Proker'!$C$5:$C$30,C6,'Opset Pendapatan per Proker'!$Q$5:$Q$30) -> 2482.9 | O6: =IFERROR(M6/N6,0) -> 0.60742277
B7: 2 | C7: Hospitality | D7: =SUMIF('Opset Pendapatan per Proker'!$C$5:$C$30,C7,'Opset Pendapatan per Proker'!$G$5:$G$30) -> 0 | E7: =SUMIF('Opset Pendapatan per Proker'!$C$5:$C$30,C7,'Opset Pendapatan per Proker'!$H$5:$H$30) -> 0 | F7: =IFERROR(D7/E7,0) -> 0 | G7: =SUMIF('Opset Pendapatan per Proker'!$C$5:$C$30,C7,'Opset Pendapatan per Proker'!$J$5:$J$30) -> 0 | H7: =SUMIF('Opset Pendapatan per Proker'!$C$5:$C$30,C7,'Opset Pendapatan per Proker'!$K$5:$K$30) -> 0 | I7: =SUMIF('Opset Pendapatan per Proker'!$C$5:$C$30,C7,'Opset Pendapatan per Proker'!$L$5:$L$30) -> 0 | J7: =SUMIF('Opset Pendapatan per Proker'!$C$5:$C$30,C7,'Opset Pendapatan per Proker'!$M$5:$M$30) -> 0 | K7: =SUMIF('Opset Pendapatan per Proker'!$C$5:$C$30,C7,'Opset Pendapatan per Proker'!$N$5:$N$30) -> 0 | L7: =SUMIF('Opset Pendapatan per Proker'!$C$5:$C$30,C7,'Opset Pendapatan per Proker'!$O$5:$O$30) -> 0 | M7: =D7+SUM(G7:L7) -> 0 | N7: =SUMIF('Opset Pendapatan per Proker'!$C$5:$C$30,C7,'Opset Pendapatan per Proker'!$Q$5:$Q$30) -> 0 | O7: =IFERROR(M7/N7,0) -> 0
B8: 3 | C8: Kesehatan | D8: =SUMIF('Opset Pendapatan per Proker'!$C$5:$C$30,C8,'Opset Pendapatan per Proker'!$G$5:$G$30) -> 0 | E8: =SUMIF('Opset Pendapatan per Proker'!$C$5:$C$30,C8,'Opset Pendapatan per Proker'!$H$5:$H$30) -> 0 | F8: =IFERROR(D8/E8,0) -> 0 | G8: =SUMIF('Opset Pendapatan per Proker'!$C$5:$C$30,C8,'Opset Pendapatan per Proker'!$J$5:$J$30) -> 0 | H8: =SUMIF('Opset Pendapatan per Proker'!$C$5:$C$30,C8,'Opset Pendapatan per Proker'!$K$5:$K$30) -> 0 | I8: =SUMIF('Opset Pendapatan per Proker'!$C$5:$C$30,C8,'Opset Pendapatan per Proker'!$L$5:$L$30) -> 0 | J8: =SUMIF('Opset Pendapatan per Proker'!$C$5:$C$30,C8,'Opset Pendapatan per Proker'!$M$5:$M$30) -> 0 | K8: =SUMIF('Opset Pendapatan per Proker'!$C$5:$C$30,C8,'Opset Pendapatan per Proker'!$N$5:$N$30) -> 0 | L8: =SUMIF('Opset Pendapatan per Proker'!$C$5:$C$30,C8,'Opset Pendapatan per Proker'!$O$5:$O$30) -> 0 | M8: =D8+SUM(G8:L8) -> 0 | N8: =SUMIF('Opset Pendapatan per Proker'!$C$5:$C$30,C8,'Opset Pendapatan per Proker'!$Q$5:$Q$30) -> 0 | O8: =IFERROR(M8/N8,0) -> 0
B9: 4 | C9: Pertambangan | D9: =SUMIF('Opset Pendapatan per Proker'!$C$5:$C$30,C9,'Opset Pendapatan per Proker'!$G$5:$G$30) -> 0 | E9: =SUMIF('Opset Pendapatan per Proker'!$C$5:$C$30,C9,'Opset Pendapatan per Proker'!$H$5:$H$30) -> 32 | F9: =IFERROR(D9/E9,0) -> 0 | G9: =SUMIF('Opset Pendapatan per Proker'!$C$5:$C$30,C9,'Opset Pendapatan per Proker'!$J$5:$J$30) -> 0 | H9: =SUMIF('Opset Pendapatan per Proker'!$C$5:$C$30,C9,'Opset Pendapatan per Proker'!$K$5:$K$30) -> 0 | I9: =SUMIF('Opset Pendapatan per Proker'!$C$5:$C$30,C9,'Opset Pendapatan per Proker'!$L$5:$L$30) -> 0 | J9: =SUMIF('Opset Pendapatan per Proker'!$C$5:$C$30,C9,'Opset Pendapatan per Proker'!$M$5:$M$30) -> 0 | K9: =SUMIF('Opset Pendapatan per Proker'!$C$5:$C$30,C9,'Opset Pendapatan per Proker'!$N$5:$N$30) -> 0 | L9: =SUMIF('Opset Pendapatan per Proker'!$C$5:$C$30,C9,'Opset Pendapatan per Proker'!$O$5:$O$30) -> 0 | M9: =D9+SUM(G9:L9) -> 0 | N9: =SUMIF('Opset Pendapatan per Proker'!$C$5:$C$30,C9,'Opset Pendapatan per Proker'!$Q$5:$Q$30) -> 406 | O9: =IFERROR(M9/N9,0) -> 0
B10: 5 | C10: Energy | D10: =SUMIF('Opset Pendapatan per Proker'!$C$5:$C$30,C10,'Opset Pendapatan per Proker'!$G$5:$G$30) -> 0 | E10: =SUMIF('Opset Pendapatan per Proker'!$C$5:$C$30,C10,'Opset Pendapatan per Proker'!$H$5:$H$30) -> 0 | F10: =IFERROR(D10/E10,0) -> 0 | G10: =SUMIF('Opset Pendapatan per Proker'!$C$5:$C$30,C10,'Opset Pendapatan per Proker'!$J$5:$J$30) -> 0 | H10: =SUMIF('Opset Pendapatan per Proker'!$C$5:$C$30,C10,'Opset Pendapatan per Proker'!$K$5:$K$30) -> 0 | I10: =SUMIF('Opset Pendapatan per Proker'!$C$5:$C$30,C10,'Opset Pendapatan per Proker'!$L$5:$L$30) -> 0 | J10: =SUMIF('Opset Pendapatan per Proker'!$C$5:$C$30,C10,'Opset Pendapatan per Proker'!$M$5:$M$30) -> 0 | K10: =SUMIF('Opset Pendapatan per Proker'!$C$5:$C$30,C10,'Opset Pendapatan per Proker'!$N$5:$N$30) -> 0 | L10: =SUMIF('Opset Pendapatan per Proker'!$C$5:$C$30,C10,'Opset Pendapatan per Proker'!$O$5:$O$30) -> 0 | M10: =D10+SUM(G10:L10) -> 0 | N10: =SUMIF('Opset Pendapatan per Proker'!$C$5:$C$30,C10,'Opset Pendapatan per Proker'!$Q$5:$Q$30) -> 0 | O10: =IFERROR(M10/N10,0) -> 0
B11: 6 | C11: Kawasan Industri | D11: =SUMIF('Opset Pendapatan per Proker'!$C$5:$C$30,C11,'Opset Pendapatan per Proker'!$G$5:$G$30) -> 0 | E11: =SUMIF('Opset Pendapatan per Proker'!$C$5:$C$30,C11,'Opset Pendapatan per Proker'!$H$5:$H$30) -> 0 | F11: =IFERROR(D11/E11,0) -> 0 | G11: =SUMIF('Opset Pendapatan per Proker'!$C$5:$C$30,C11,'Opset Pendapatan per Proker'!$J$5:$J$30) -> 0 | H11: =SUMIF('Opset Pendapatan per Proker'!$C$5:$C$30,C11,'Opset Pendapatan per Proker'!$K$5:$K$30) -> 0 | I11: =SUMIF('Opset Pendapatan per Proker'!$C$5:$C$30,C11,'Opset Pendapatan per Proker'!$L$5:$L$30) -> 0 | J11: =SUMIF('Opset Pendapatan per Proker'!$C$5:$C$30,C11,'Opset Pendapatan per Proker'!$M$5:$M$30) -> 0 | K11: =SUMIF('Opset Pendapatan per Proker'!$C$5:$C$30,C11,'Opset Pendapatan per Proker'!$N$5:$N$30) -> 0 | L11: =SUMIF('Opset Pendapatan per Proker'!$C$5:$C$30,C11,'Opset Pendapatan per Proker'!$O$5:$O$30) -> 0 | M11: =D11+SUM(G11:L11) -> 0 | N11: =SUMIF('Opset Pendapatan per Proker'!$C$5:$C$30,C11,'Opset Pendapatan per Proker'!$Q$5:$Q$30) -> 0 | O11: =IFERROR(M11/N11,0) -> 0
B12: 7 | C12: Peternakan | D12: =SUMIF('Opset Pendapatan per Proker'!$C$5:$C$30,C12,'Opset Pendapatan per Proker'!$G$5:$G$30) -> 0 | E12: =SUMIF('Opset Pendapatan per Proker'!$C$5:$C$30,C12,'Opset Pendapatan per Proker'!$H$5:$H$30) -> 0 | F12: =IFERROR(D12/E12,0) -> 0 | G12: =SUMIF('Opset Pendapatan per Proker'!$C$5:$C$30,C12,'Opset Pendapatan per Proker'!$J$5:$J$30) -> 0 | H12: =SUMIF('Opset Pendapatan per Proker'!$C$5:$C$30,C12,'Opset Pendapatan per Proker'!$K$5:$K$30) -> 0 | I12: =SUMIF('Opset Pendapatan per Proker'!$C$5:$C$30,C12,'Opset Pendapatan per Proker'!$L$5:$L$30) -> 0 | J12: =SUMIF('Opset Pendapatan per Proker'!$C$5:$C$30,C12,'Opset Pendapatan per Proker'!$M$5:$M$30) -> 0 | K12: =SUMIF('Opset Pendapatan per Proker'!$C$5:$C$30,C12,'Opset Pendapatan per Proker'!$N$5:$N$30) -> 0 | L12: =SUMIF('Opset Pendapatan per Proker'!$C$5:$C$30,C12,'Opset Pendapatan per Proker'!$O$5:$O$30) -> 0 | M12: =D12+SUM(G12:L12) -> 0 | N12: =SUMIF('Opset Pendapatan per Proker'!$C$5:$C$30,C12,'Opset Pendapatan per Proker'!$Q$5:$Q$30) -> 259.091 | O12: =IFERROR(M12/N12,0) -> 0
B13: 8 | C13: Pertanian | D13: =SUMIF('Opset Pendapatan per Proker'!$C$5:$C$30,C13,'Opset Pendapatan per Proker'!$G$5:$G$30) -> 0 | E13: =SUMIF('Opset Pendapatan per Proker'!$C$5:$C$30,C13,'Opset Pendapatan per Proker'!$H$5:$H$30) -> 0 | F13: =IFERROR(D13/E13,0) -> 0 | G13: =SUMIF('Opset Pendapatan per Proker'!$C$5:$C$30,C13,'Opset Pendapatan per Proker'!$J$5:$J$30) -> 0 | H13: =SUMIF('Opset Pendapatan per Proker'!$C$5:$C$30,C13,'Opset Pendapatan per Proker'!$K$5:$K$30) -> 0 | I13: =SUMIF('Opset Pendapatan per Proker'!$C$5:$C$30,C13,'Opset Pendapatan per Proker'!$L$5:$L$30) -> 0 | J13: =SUMIF('Opset Pendapatan per Proker'!$C$5:$C$30,C13,'Opset Pendapatan per Proker'!$M$5:$M$30) -> 0 | K13: =SUMIF('Opset Pendapatan per Proker'!$C$5:$C$30,C13,'Opset Pendapatan per Proker'!$N$5:$N$30) -> 0 | L13: =SUMIF('Opset Pendapatan per Proker'!$C$5:$C$30,C13,'Opset Pendapatan per Proker'!$O$5:$O$30) -> 0 | M13: =D13+SUM(G13:L13) -> 0 | N13: =SUMIF('Opset Pendapatan per Proker'!$C$5:$C$30,C13,'Opset Pendapatan per Proker'!$Q$5:$Q$30) -> 0 | O13: =IFERROR(M13/N13,0) -> 0
B14: 9 | C14: Perkebunan | D14: =SUMIF('Opset Pendapatan per Proker'!$C$5:$C$30,C14,'Opset Pendapatan per Proker'!$G$5:$G$30) -> 5702.82 | E14: =SUMIF('Opset Pendapatan per Proker'!$C$5:$C$30,C14,'Opset Pendapatan per Proker'!$H$5:$H$30) -> 0 | F14: =IFERROR(D14/E14,0) -> 0 | G14: =SUMIF('Opset Pendapatan per Proker'!$C$5:$C$30,C14,'Opset Pendapatan per Proker'!$J$5:$J$30) -> 0 | H14: =SUMIF('Opset Pendapatan per Proker'!$C$5:$C$30,C14,'Opset Pendapatan per Proker'!$K$5:$K$30) -> 0 | I14: =SUMIF('Opset Pendapatan per Proker'!$C$5:$C$30,C14,'Opset Pendapatan per Proker'!$L$5:$L$30) -> 0 | J14: =SUMIF('Opset Pendapatan per Proker'!$C$5:$C$30,C14,'Opset Pendapatan per Proker'!$M$5:$M$30) -> 0 | K14: =SUMIF('Opset Pendapatan per Proker'!$C$5:$C$30,C14,'Opset Pendapatan per Proker'!$N$5:$N$30) -> 0 | L14: =SUMIF('Opset Pendapatan per Proker'!$C$5:$C$30,C14,'Opset Pendapatan per Proker'!$O$5:$O$30) -> 0 | M14: =D14+SUM(G14:L14) -> 5702.82 | N14: =SUMIF('Opset Pendapatan per Proker'!$C$5:$C$30,C14,'Opset Pendapatan per Proker'!$Q$5:$Q$30) -> 900 | O14: =IFERROR(M14/N14,0) -> 6.3364667
B15: 10 | C15: Industri Lainnya | D15: =SUMIF('Opset Pendapatan per Proker'!$C$5:$C$30,C15,'Opset Pendapatan per Proker'!$G$5:$G$30) -> 3356 | E15: =SUMIF('Opset Pendapatan per Proker'!$C$5:$C$30,C15,'Opset Pendapatan per Proker'!$H$5:$H$30) -> 4523.1444 | F15: =IFERROR(D15/E15,0) -> 0.74196172 | G15: =SUMIF('Opset Pendapatan per Proker'!$C$5:$C$30,C15,'Opset Pendapatan per Proker'!$J$5:$J$30) -> 0 | H15: =SUMIF('Opset Pendapatan per Proker'!$C$5:$C$30,C15,'Opset Pendapatan per Proker'!$K$5:$K$30) -> 0 | I15: =SUMIF('Opset Pendapatan per Proker'!$C$5:$C$30,C15,'Opset Pendapatan per Proker'!$L$5:$L$30) -> 0 | J15: =SUMIF('Opset Pendapatan per Proker'!$C$5:$C$30,C15,'Opset Pendapatan per Proker'!$M$5:$M$30) -> 0 | K15: =SUMIF('Opset Pendapatan per Proker'!$C$5:$C$30,C15,'Opset Pendapatan per Proker'!$N$5:$N$30) -> 0 | L15: =SUMIF('Opset Pendapatan per Proker'!$C$5:$C$30,C15,'Opset Pendapatan per Proker'!$O$5:$O$30) -> 0 | M15: =D15+SUM(G15:L15) -> 3356 | N15: =SUMIF('Opset Pendapatan per Proker'!$C$5:$C$30,C15,'Opset Pendapatan per Proker'!$Q$5:$Q$30) -> 4523.144 | O15: =IFERROR(M15/N15,0) -> 0.74196179
B16: 11 | C16: Kerja Sama Agrowisata | D16: =SUMIF('Opset Pendapatan per Proker'!$C$5:$C$30,C16,'Opset Pendapatan per Proker'!$G$5:$G$30) -> 0 | E16: =SUMIF('Opset Pendapatan per Proker'!$C$5:$C$30,C16,'Opset Pendapatan per Proker'!$H$5:$H$30) -> 0 | F16: =IFERROR(D16/E16,0) -> 0 | G16: =SUMIF('Opset Pendapatan per Proker'!$C$5:$C$30,C16,'Opset Pendapatan per Proker'!$J$5:$J$30) -> 0 | H16: =SUMIF('Opset Pendapatan per Proker'!$C$5:$C$30,C16,'Opset Pendapatan per Proker'!$K$5:$K$30) -> 0 | I16: =SUMIF('Opset Pendapatan per Proker'!$C$5:$C$30,C16,'Opset Pendapatan per Proker'!$L$5:$L$30) -> 0 | J16: =SUMIF('Opset Pendapatan per Proker'!$C$5:$C$30,C16,'Opset Pendapatan per Proker'!$M$5:$M$30) -> 0 | K16: =SUMIF('Opset Pendapatan per Proker'!$C$5:$C$30,C16,'Opset Pendapatan per Proker'!$N$5:$N$30) -> 0 | L16: =SUMIF('Opset Pendapatan per Proker'!$C$5:$C$30,C16,'Opset Pendapatan per Proker'!$O$5:$O$30) -> 0 | M16: =D16+SUM(G16:L16) -> 0 | N16: =SUMIF('Opset Pendapatan per Proker'!$C$5:$C$30,C16,'Opset Pendapatan per Proker'!$Q$5:$Q$30) -> 275 | O16: =IFERROR(M16/N16,0) -> 0
B17: TOTAL | D17: =SUM(D6:D16) -> 9860.98 | E17: =SUM(E6:E16) -> 5414.9944 | F17: =IFERROR(D17/E17,0) -> 1.8210508 | G17: =SUM(G6:G16) -> 161.75 | H17: =SUM(H6:H16) -> 536.76 | I17: =SUM(I6:I16) -> 7.5 | J17: =SUM(J6:J16) -> 0 | K17: =SUM(K6:K16) -> 0 | L17: =SUM(L6:L16) -> 0 | M17: =SUM(M6:M16) -> 10566.99 | N17: =SUM(N6:N16) -> 8846.135 | O17: =IFERROR(M17/N17,0) -> 1.1945318

Sheet Opset Pendapatan per Proker
R2: Dalam Rp Juta, kecuali dinyatakan lain
B3: No. | C3: Bidang Usaha | D3: Nama Kerja Sama (Proker) | E3: Lokasi | F3: Mitra | G3: s.d. September 2026 | J3: Prognosa | P3: Prognosa 2026 | Q3: RKAP 2026 | R3: % Prognosa 2026
G4: Realisasi | H4: RKAP | I4: % | J4: Okt | K4: Nov | L4: Des
B5: 1 | C5: Industri Lainnya | D5: Aset Pabrik Gula (Non Inbreng pembentukan SGN) | E5: Kabupaten Takalar, Bone, Camming | F5: PT Sinergi Gula Nusantara | G5: 3356 | H5: =0+4523.144404 -> 4523.1444 | I5: =IFERROR(G5/H5,0) -> 0.74196172 | J5: 0 | K5: 0 | L5: 0 | M5: 0 | N5: 0 | O5: 0 | P5: =G5+SUM(J5:O5) -> 3356 | Q5: 4523.144 | R5: =IFERROR(P5/Q5,0) -> 0.74196179
B6: 2 | C6: Perkebunan | D6: Lahan Takalar - Gapoktan | E6: Kabupaten Takalar | F6: Koperasi Cinta Manis, Sayang Manis, Cinta Damai Sejahtera | G6: =3553.82+2149 -> 5702.82 | H6: 0 | I6: =IFERROR(G6/H6,0) -> 0 | J6: 0 | K6: 0 | L6: 0 | M6: 0 | N6: 0 | O6: 0 | P6: =G6+SUM(J6:O6) -> 5702.82 | Q6: 600 | R6: =IFERROR(P6/Q6,0) -> 9.5047
B7: 3 | C7: Pertambangan | D7: Lahan Tinanggea | E7: Kabupaten Konawe Selatan | F7: PT Baula Petra Buana | G7: 0 | H7: 0 | I7: =IFERROR(G7/H7,0) -> 0 | J7: 0 | K7: 0 | L7: 0 | M7: 0 | N7: 0 | O7: 0 | P7: =G7+SUM(J7:O7) -> 0 | Q7: 406 | R7: =IFERROR(P7/Q7,0) -> 0
B8: 4 | C8: Pertambangan | D8: Lahan Tinanggea (Jalan Tambang) | E8: Kabupaten Konawe Selatan | F8: PT Ifishdeco Tbk | G8: 0 | H8: =0+32 -> 32 | I8: =IFERROR(G8/H8,0) -> 0 | J8: 0 | K8: 0 | L8: 0 | M8: 0 | N8: 0 | O8: 0 | P8: =G8+SUM(J8:O8) -> 0 | R8: =IFERROR(P8/Q8,0) -> 0
B9: 5 | C9: Properti | D9: Bangunan Jalan Boulevard Makassar | E9: Kota Makassar | F9: PT Grand Puri Indonesia | G9: 0 | H9: =0+585 -> 585 | I9: =IFERROR(G9/H9,0) -> 0 | J9: 0 | K9: 0 | L9: 0 | M9: 0 | N9: 0 | O9: 0 | P9: =G9+SUM(J9:O9) -> 0 | Q9: 585 | R9: =IFERROR(P9/Q9,0) -> 0
B10: 6 | C10: Perkebunan | D10: Lahan Sidrap | E10: Kabupaten Sidrap | F10: - | G10: 0 | H10: 0 | I10: =IFERROR(G10/H10,0) -> 0 | J10: 0 | K10: 0 | L10: 0 | M10: 0 | N10: 0 | O10: 0 | P10: =G10+SUM(J10:O10) -> 0 | Q10: 300 | R10: =IFERROR(P10/Q10,0) -> 0
B11: 7 | C11: Properti | D11: Lahan Jalan Alauddin Makassar | E11: Kota Makassar | F11: - | G11: 0 | H11: 0 | I11: =IFERROR(G11/H11,0) -> 0 | J11: 0 | K11: 0 | L11: 0 | M11: 0 | N11: 0 | O11: 0 | P11: =G11+SUM(J11:O11) -> 0 | Q11: 275 | R11: =IFERROR(P11/Q11,0) -> 0
B12: 8 | C12: Kerja Sama Agrowisata | D12: Lahan Kebun Marinsow | E12: Kabupaten Minahasa Utara | F12: - | G12: 0 | H12: 0 | I12: =IFERROR(G12/H12,0) -> 0 | J12: 0 | K12: 0 | L12: 0 | M12: 0 | N12: 0 | O12: 0 | P12: =G12+SUM(J12:O12) -> 0 | Q12: 275 | R12: =IFERROR(P12/Q12,0) -> 0
B13: 9 | C13: Properti | D13: Lahan Jalan Masjid Raya dan Jalan Kangkung Makassar | E13: Kota Makassar | F13: CV Berkah Abadi Sukses | G13: =0+147 -> 147 | H13: =147 -> 147 | I13: =IFERROR(G13/H13,0) -> 1 | J13: 147 | K13: 0 | L13: 0 | M13: 0 | N13: 0 | O13: 0 | P13: =G13+SUM(J13:O13) -> 294 | Q13: 294 | R13: =IFERROR(P13/Q13,0) -> 1
B14: 10 | C14: Properti | D14: Bangunan Jalan Slamet Riyadi Makassar | E14: Kota Makassar | F14: CV Willeon Megah Perkasa | G14: =200+174.9 -> 374.9 | H14: 0 | I14: =IFERROR(G14/H14,0) -> 0 | J14: 0 | K14: 0 | L14: 0 | M14: 0 | N14: 0 | O14: 0 | P14: =G14+SUM(J14:O14) -> 374.9 | Q14: 395.8 | R14: =IFERROR(P14/Q14,0) -> 0.94719555
B15: 11 | C15: Properti | D15: Lahan Jalan Biru Bone | E15: Kabupaten Bone | F15: - | G15: 0 | H15: 0 | I15: =IFERROR(G15/H15,0) -> 0 | J15: 0 | K15: 0 | L15: 0 | M15: 0 | N15: 0 | O15: 0 | P15: =G15+SUM(J15:O15) -> 0 | Q15: 108 | R15: =IFERROR(P15/Q15,0) -> 0
B16: 12 | C16: Properti | D16: Bangunan Mess Jalan Masjid Raya Makassar | E16: Kota Makassar | F16: - | G16: 0 | H16: 0 | I16: =IFERROR(G16/H16,0) -> 0 | J16: 0 | K16: 370 | L16: 0 | M16: 0 | N16: 0 | O16: 0 | P16: =G16+SUM(J16:O16) -> 370 | Q16: 370 | R16: =IFERROR(P16/Q16,0) -> 1
B17: 13 | C17: Properti | D17: Lahan Desa Galung | E17: Kabupaten Soppeng | F17: - | G17: 0 | H17: 0 | I17: =IFERROR(G17/H17,0) -> 0 | J17: 0 | K17: 16 | L17: 0 | M17: 0 | N17: 0 | O17: 0 | P17: =G17+SUM(J17:O17) -> 16 | Q17: 100 | R17: =IFERROR(P17/Q17,0) -> 0.16
B18: 14 | C18: Properti | D18: Lahan Jalan Kemakmuran dan Samudra Soppeng | E18: Kabupaten Soppeng | F18: - | G18: 0 | H18: 0 | I18: =IFERROR(G18/H18,0) -> 0 | J18: 0 | K18: 0 | L18: 0 | M18: 0 | N18: 0 | O18: 0 | P18: =G18+SUM(J18:O18) -> 0 | Q18: 50 | R18: =IFERROR(P18/Q18,0) -> 0
B19: 15 | C19: Properti | D19: Bangunan Ruko Jalan Pengayoman Makassar | E19: Kota Makassar | F19: Fachmy Hasri Djamil | G19: =48.75+8.75+8.75+7.5+8.75 -> 82.5 | H19: 67.5 | I19: =IFERROR(G19/H19,0) -> 1.2222222 | J19: 7.5 | K19: 7.5 | L19: 7.5 | M19: 0 | N19: 0 | O19: 0 | P19: =G19+SUM(J19:O19) -> 105 | Q19: 90 | R19: =IFERROR(P19/Q19,0) -> 1.1666667
B20: 16 | C20: Properti | D20: Bangunan Eks LO Ambon | E20: Kota Ambon | F20: - | G20: 0 | H20: 0 | I20: =IFERROR(G20/H20,0) -> 0 | J20: 0 | K20: 0 | L20: 0 | M20: 0 | N20: 0 | O20: 0 | P20: =G20+SUM(J20:O20) -> 0 | Q20: 75 | R20: =IFERROR(P20/Q20,0) -> 0
B21: 17 | C21: Properti | D21: Lahan Eks Pabrik Kapas Jeneponto - Mini Soccer | E21: Kabupaten Jeneponto | F21: CV Putri Jentak | G21: 25.5 | H21: 0 | I21: =IFERROR(G21/H21,0) -> 0 | J21: 0 | K21: 25.5 | L21: 0 | M21: 0 | N21: 0 | O21: 0 | P21: =G21+SUM(J21:O21) -> 51 | Q21: 25.5 | R21: =IFERROR(P21/Q21,0) -> 2
B22: 18 | C22: Properti | D22: Lahan Eks Pabrik Kapas Jeneponto - Studio Foto | E22: Kabupaten Jeneponto | F22: CV Bididiu Visual Studio | G22: 7.25 | H22: =7.25 -> 7.25 | I22: =IFERROR(G22/H22,0) -> 1 | J22: 7.25 | K22: 0 | L22: 0 | M22: 0 | N22: 0 | O22: 0 | P22: =G22+SUM(J22:O22) -> 14.5 | Q22: 14.5 | R22: =IFERROR(P22/Q22,0) -> 1
B23: 19 | C23: Properti | D23: Lahan Eks Pabrik Kapas Jeneponto - Papan Iklan | E23: Kabupaten Jeneponto | F23: CV Fajar Mandiri Adv | G23: 2.55 | H23: 2.1 | I23: =IFERROR(G23/H23,0) -> 1.2142857 | J23: 0 | K23: 0 | L23: 0 | M23: 0 | N23: 0 | O23: 0 | P23: =G23+SUM(J23:O23) -> 2.55 | Q23: 2.1 | R23: =IFERROR(P23/Q23,0) -> 1.2142857
B24: 20 | C24: Properti | D24: Bangunan Kantor Direksi - Gedung Timur | E24: Kota Makassar | F24: Meilani Anriyani Kadir | G24: 75 | H24: 0 | I24: =IFERROR(G24/H24,0) -> 0 | J24: 0 | K24: 100 | L24: 0 | M24: 0 | N24: 0 | O24: 0 | P24: =G24+SUM(J24:O24) -> 175 | Q24: 47 | R24: =IFERROR(P24/Q24,0) -> 3.7234043
B25: 21 | C25: Properti | D25: Bangunan Kantor Direksi - Kantor Pelayanan 13 Dapenbun | E25: Kota Makassar | F25: Dapenbun | G25: =0+26.46 -> 26.46 | H25: =0+24 -> 24 | I25: =IFERROR(G25/H25,0) -> 1.1025 | J25: 0 | K25: 0 | L25: 0 | M25: 0 | N25: 0 | O25: 0 | P25: =G25+SUM(J25:O25) -> 26.46 | Q25: 24 | R25: =IFERROR(P25/Q25,0) -> 1.1025
B26: 22 | C26: Properti | D26: Bangunan Jalan Bambapuang Makassar | E26: Kota Makassar | F26: Adam Yusa Ali | G26: 27 | H26: 27 | I26: =IFERROR(G26/H26,0) -> 1 | J26: 0 | K26: 0 | L26: 0 | M26: 0 | N26: 0 | O26: 0 | P26: =G26+SUM(J26:O26) -> 27 | Q26: 27 | R26: =IFERROR(P26/Q26,0) -> 1
B27: 24 | C27: Properti | D27: Eks Pabrik Kapas (Warung) | E27: Kabupaten Jeneponto | F27: Bambang | G27: 4 | I27: =IFERROR(G27/H27,0) -> 0 | J27: 0 | K27: 0 | L27: 0 | M27: 0 | N27: 0 | O27: 0 | P27: =G27+SUM(J27:O27) -> 4 | Q27: 0 | R27: =IFERROR(P27/Q27,0) -> 0
B28: 25 | C28: Properti | D28: Eks Pabrik Kapas (Cafe) | E28: Kabupaten Jeneponto | F28: CV Mari Bangun Turatea | G28: 0 | I28: =IFERROR(G28/H28,0) -> 0 | J28: 0 | K28: 17.76 | L28: 0 | M28: 0 | N28: 0 | O28: 0 | P28: =G28+SUM(J28:O28) -> 17.76 | Q28: 0 | R28: =IFERROR(P28/Q28,0) -> 0
B29: 23 | C29: Peternakan | D29: Lahan Unit Kabaru | E29: Kabupaten Sumba Timur | F29: PT Asiabeef Biofarm Indonesia | G29: 0 | H29: 0 | I29: =IFERROR(G29/H29,0) -> 0 | J29: 0 | K29: 0 | L29: 0 | M29: 0 | N29: 0 | O29: 0 | P29: =G29+SUM(J29:O29) -> 0 | Q29: 259.091 | R29: =IFERROR(P29/Q29,0) -> 0
B30: 26 | C30: Properti | D30: Kerja Sama PT Cahaya Lino Barokah | E30: - | F30: PT Cahaya Lino Barokah | G30: =0+30 -> 30 | H30: 0 | I30: =IFERROR(G30/H30,0) -> 0 | J30: 0 | K30: 0 | L30: 0 | M30: 0 | N30: 0 | O30: 0 | P30: =G30+SUM(J30:O30) -> 30 | Q30: 0 | R30: =IFERROR(P30/Q30,0) -> 0
B31: TOTAL | G31: =SUM(G5:G30) -> 9860.98 | H31: =SUM(H5:H30) -> 5414.9944 | I31: =IFERROR(G31/H31,0) -> 1.8210508 | J31: =SUM(J5:J30) -> 161.75 | K31: =SUM(K5:K30) -> 536.76 | L31: =SUM(L5:L30) -> 7.5 | M31: =SUM(M5:M30) -> 0 | N31: =SUM(N5:N30) -> 0 | O31: =SUM(O5:O30) -> 0 | P31: =SUM(P5:P30) -> 10566.99 | Q31: =SUM(Q5:Q30) -> 8846.135 | R31: =IFERROR(P31/Q31,0) -> 1.1945318

Sheet Piutang
G2: Dalam Rp Juta, kecuali dinyatakan lain
B3: No. | C3: Nama Mitra | D3: Real s.d. September 2026 | G3: Penjelasan Selisih
D4: Angka Opset | E4: Angka SAP | F4: Selisih
B5: a | C5: b | D5: c | E5: d | F5: e = c-d | G5: f
B6: 1 | D6: 1000 | E6: 1000 | F6: =D6-E6 -> 0
B7: 2 | D7: 1000 | E7: 1000 | F7: =D7-E7 -> 0
B8: 3 | D8: 1000 | E8: 1000 | F8: =D8-E8 -> 0
B9: 4 | D9: 1000 | E9: 1000 | F9: =D9-E9 -> 0
B10: 5 | D10: 1000 | E10: 1000 | F10: =D10-E10 -> 0
B11: 6 | D11: 1000 | E11: 1000 | F11: =D11-E11 -> 0
B12: 7 | D12: 1000 | E12: 1000 | F12: =D12-E12 -> 0
B13: 8 | D13: 1000 | E13: 1000 | F13: =D13-E13 -> 0
B14: 9 | D14: 1000 | E14: 1000 | F14: =D14-E14 -> 0
B15: 10 | D15: 1000 | E15: 1000 | F15: =D15-E15 -> 0
B16: 11 | D16: 1000 | E16: 1000 | F16: =D16-E16 -> 0
B17: TOTAL | D17: =SUM(D6:D16) -> 11000 | E17: =SUM(E6:E16) -> 11000 | F17: =D17-E17 -> 0

Sheet Divest
N2: Dalam Rp Juta, kecuali dinyatakan lain
B3: No. | C3: Objek Divestasi | D3: Mekanisme | E3: s.d TW I 2026 | H3: Prognosa | L3: RKO Semester I 2026 | M3: RKAP 2026
E4: Realisasi | F4: RKAP | G4: % | H4: April | I4: Mei | J4: Juni | K4: TW II | M4: RKAP 2026 | N4: % Thdp RKO
B5: a | C5: b | D5: c | E5: d | F5: e | G5: f =d/e | H5: g | I5: h | J5: i | K5: j | L5: l = d+k | M5: m | N5: n = l/m
B6: 1 | E6: 1000 | F6: 1000 | G6: =E6/F6 -> 1 | H6: 1000 | I6: 1000 | J6: 1000 | K6: =SUM(H6:J6) -> 3000 | L6: =K6+E6 -> 4000 | M6: 1000 | N6: =L6/M6 -> 4
B7: 2 | E7: 1000 | F7: 1000 | G7: =E7/F7 -> 1 | H7: 1000 | I7: 1000 | J7: 1000 | K7: =SUM(H7:J7) -> 3000 | L7: =K7+E7 -> 4000 | M7: 1000 | N7: =L7/M7 -> 4
B8: 3 | E8: 1000 | F8: 1000 | G8: =E8/F8 -> 1 | H8: 1000 | I8: 1000 | J8: 1000 | K8: =SUM(H8:J8) -> 3000 | L8: =K8+E8 -> 4000 | M8: 1000 | N8: =L8/M8 -> 4
B9: 4 | E9: 1000 | F9: 1000 | G9: =E9/F9 -> 1 | H9: 1000 | I9: 1000 | J9: 1000 | K9: =SUM(H9:J9) -> 3000 | L9: =K9+E9 -> 4000 | M9: 1000 | N9: =L9/M9 -> 4
B10: 5 | E10: 1000 | F10: 1000 | G10: =E10/F10 -> 1 | H10: 1000 | I10: 1000 | J10: 1000 | K10: =SUM(H10:J10) -> 3000 | L10: =K10+E10 -> 4000 | M10: 1000 | N10: =L10/M10 -> 4
B11: 6 | E11: 1000 | F11: 1000 | G11: =E11/F11 -> 1 | H11: 1000 | I11: 1000 | J11: 1000 | K11: =SUM(H11:J11) -> 3000 | L11: =K11+E11 -> 4000 | M11: 1000 | N11: =L11/M11 -> 4
B12: 7 | E12: 1000 | F12: 1000 | G12: =E12/F12 -> 1 | H12: 1000 | I12: 1000 | J12: 1000 | K12: =SUM(H12:J12) -> 3000 | L12: =K12+E12 -> 4000 | M12: 1000 | N12: =L12/M12 -> 4
B13: 8 | E13: 1000 | F13: 1000 | G13: =E13/F13 -> 1 | H13: 1000 | I13: 1000 | J13: 1000 | K13: =SUM(H13:J13) -> 3000 | L13: =K13+E13 -> 4000 | M13: 1000 | N13: =L13/M13 -> 4
B14: 9 | E14: 1000 | F14: 1000 | G14: =E14/F14 -> 1 | H14: 1000 | I14: 1000 | J14: 1000 | K14: =SUM(H14:J14) -> 3000 | L14: =K14+E14 -> 4000 | M14: 1000 | N14: =L14/M14 -> 4
B15: 10 | E15: 1000 | F15: 1000 | G15: =E15/F15 -> 1 | H15: 1000 | I15: 1000 | J15: 1000 | K15: =SUM(H15:J15) -> 3000 | L15: =K15+E15 -> 4000 | M15: 1000 | N15: =L15/M15 -> 4
B16: 11 | E16: 1000 | F16: 1000 | G16: =E16/F16 -> 1 | H16: 1000 | I16: 1000 | J16: 1000 | K16: =SUM(H16:J16) -> 3000 | L16: =K16+E16 -> 4000 | M16: 1000 | N16: =L16/M16 -> 4
B17: TOTAL | E17: =SUM(E6:E16) -> 11000 | F17: =SUM(F6:F16) -> 11000 | G17: =E17/F17 -> 1 | H17: =SUM(H6:H16) -> 11000 | I17: =SUM(I6:I16) -> 11000 | J17: =SUM(J6:J16) -> 11000 | K17: =SUM(K6:K16) -> 33000 | L17: =SUM(L6:L16) -> 44000 | M17: =SUM(M6:M16) -> 11000 | N17: =L17/M17 -> 4
